"","ramp.mean"
"1",NA
"2",1.735
"3",2.365
"4",1.985
"5",1.3075
"6",1.935
"7",1.1
"8",1.6575
"9",0.6275
"10",1.4075
"11",1.495
"12",1.3425
"13",1.3625
"14",0.7075
"15",0.685
"16",1.3775
"17",0.7725
"18",1.225
"19",2.7525
"20",2.005
"21",2.69
"22",1.73
"23",1.8725
"24",1.8775
"25",1.81
"26",1.36
"27",2.825
"28",2.5775
"29",2.3575
"30",2.1125
"31",2.5825
"32",2.5225
"33",3.0425
"34",1.245
"35",0.95
"36",1.855
"37",0.9
"38",1.0075
"39",2.6025
"40",3.4875
"41",1.0175
"42",2.73
"43",2.21
"44",3.3775
"45",1.625
"46",3.865
"47",1.675
"48",2.74
"49",1.9025
"50",2.2125
"51",1.4775
"52",2.82
"53",3.0375
"54",2.09
"55",2.2
"56",1.8975
"57",2.205
"58",2.225
"59",2.3275
"60",2.355
"61",2.2475
"62",1.1925
"63",2.0775
"64",3.2075
"65",3.7075
"66",3.095
"67",1.8975
"68",1.7225
"69",1.345
"70",1.9875
"71",1.1875
"72",0.9225
"73",1.8275
"74",0.6125
"75",1.625
"76",1.955
"77",1.975
"78",1.12
"79",1.9625
"80",2.36
"81",2.365
"82",0.9475
"83",2.515
"84",5.6875
"85",1.9025
"86",2.6125
"87",2.4675
"88",1.4
"89",2.83
"90",1.8625
"91",2.115
"92",1.485
"93",2.6225
"94",3.0275
"95",1.09
"96",3.63
"97",2.7875
"98",3.5575
"99",3.14
"100",3.0925
"101",2.7925
"102",2.87
"103",2.165
"104",3.095
"105",3.8825
"106",2.5225
"107",2.235
"108",3.12
"109",0.925
"110",1.34
"111",2.1675
"112",1.8775
"113",2.945
"114",2.62
"115",1.55
"116",2.515
"117",1.955
"118",1.8725
"119",2.29
"120",2.31
"121",1.8775
"122",2.3625
"123",3.065
"124",0.8675
"125",1.4325
"126",2.4175
"127",2.8225
"128",1.8275
"129",2.63
"130",2.605
"131",1.295
"132",2.0625
"133",2.615
"134",1.5925
"135",2.925
"136",2.7825
"137",3.1575
"138",1.76
"139",2.5175
"140",1.595
"141",1.625
"142",1.9375
"143",2.8975
"144",2.2975
"145",2.3225
"146",2.2
"147",2.105
"148",2.33
"149",1.95
"150",3.3325
"151",1.8775
"152",2.24
"153",1.315
"154",1.63
"155",0.54
"156",1.19
"157",1.1
"158",1.05
"159",1.06
"160",2.2925
"161",2.1275
"162",3.2075
"163",2.75
"164",3.71
"165",1.57
"166",2.5475
"167",2.0325
"168",4.0325
"169",1.6825
"170",1.4375
"171",1.61
"172",2.045
"173",2.0775
"174",1.74
"175",1.0075
"176",2.7575
"177",2
"178",3.43
"179",3.335
"180",2.25
"181",2.4475
"182",2.125
"183",1.525
"184",2.0225
"185",1.95
"186",2.14
"187",2.3025
"188",2.815
"189",0.58
"190",2.6775
"191",2.16
"192",1.955
"193",1.6375
"194",2.12
"195",3.27
"196",2.2675
"197",2.34
"198",2.2375
"199",1.72
"200",2.065
"201",2.43
"202",2.845
"203",2.9675
"204",2.5075
"205",4.3525
"206",2.4275
"207",2.645
"208",2.4675
"209",3.355
"210",1.375
"211",3.165
"212",2.1525
"213",2.4475
"214",2.9275
"215",1.84
"216",1.8475
"217",1.39
"218",2.28
"219",2.9525
"220",2.84
"221",2.78
"222",2.235
"223",3.9625
"224",2.7875
"225",3.525
"226",3.605
"227",2.44
"228",2.4525
"229",2.235
"230",1.8875
"231",1.635
"232",1.635
"233",2.995
"234",2.855
"235",3.12
"236",1.735
"237",2.21
"238",3.2025
"239",1.645
"240",2.08
"241",1.5625
"242",1.755
"243",2.395
"244",1.87
"245",2.4525
"246",3.0575
"247",2.32
"248",2.7175
"249",2.7425
"250",1.845
"251",1.6575
"252",2.0675
"253",2.6075
"254",3.1
"255",1.8625
"256",1.755
"257",1.98
"258",2.4675
"259",4.46
"260",3.705
"261",2.615
"262",2.4275
"263",3.2525
"264",2.7825
"265",2.4375
"266",1.9475
"267",3.8875
"268",2.8925
"269",2.4075
"270",2.42
"271",2.765
"272",2.24
"273",2.8975
"274",1.195
"275",1.325
"276",1.91
"277",2.435
"278",2.8325
"279",1.295
"280",1.555
"281",3.5
"282",2.74
"283",1.9
"284",2.295
"285",2.99
"286",2.8225
"287",1.2925
"288",1.425
"289",2.305
"290",3.5
"291",2.4
"292",1.3375
"293",3.8375
"294",2.395
"295",2.8975
"296",1.5
"297",1.745
"298",2.4375
"299",2.2275
"300",1.9675
"301",1.6525
"302",1.825
"303",1.8775
"304",2.16
"305",2.2775
"306",4.64
"307",2.7825
"308",2.905
"309",4.0025
"310",4.225
"311",2.74
"312",2.27
"313",3.55
"314",1.8675
"315",2.105
"316",1.1025
"317",1.2375
"318",1.6875
"319",0.9525
"320",0.7125
"321",0.61
"322",2.3275
"323",1.33
"324",3.0175
"325",2.5525
"326",2.89
"327",3.2275
"328",2.0625
"329",2.7175
"330",3.52
"331",2.5575
"332",2.97
"333",1.995
"334",1.68
"335",0.965
"336",1.6675
"337",1.5675
"338",2.905
"339",2.3475
"340",2.06
"341",5.8975
"342",1.7425
"343",3.085
"344",3.31
"345",2.745
"346",1.4075
"347",1.005
"348",1.6325
"349",3.5625
"350",2.2325
"351",1.65
"352",1.2575
"353",2.99
"354",1.605
"355",1.8425
"356",1.4025
"357",1.6675
"358",2.995
"359",2.5675
"360",2.6975
"361",2.1725
"362",1.495
"363",2.09
"364",2.055
"365",2.6275
"366",2.16
"367",2.55
"368",2.5025
"369",2.6525
"370",3.3475
"371",1.5175
"372",2.1275
"373",0.9775
"374",1.575
"375",1.6525
"376",2.165
"377",3.2225
"378",1.755
"379",1.73
"380",1.745
"381",2.2875
"382",2.0525
"383",1.3925
"384",2.46
"385",1.8075
"386",2.245
"387",1.705
"388",2.215
"389",1.5375
"390",2.3425
"391",2.865
"392",2.5875
"393",1.9225
"394",2.455
"395",2.69
"396",1.3425
"397",3
"398",2.615
"399",2.5825
"400",2.295
"401",2.0275
"402",1.745
"403",2.6325
"404",1.485
"405",3.6575
"406",2.4775
"407",3.91
"408",2.675
"409",3.08
"410",1.9275
"411",2.7025
"412",1.47
"413",1.5125
"414",2.2475
"415",2.3625
"416",1.65
"417",2.35
"418",4.04
"419",3.7825
"420",1.69
"421",1.855
"422",2.4175
"423",2.0075
"424",2.485
"425",1.66
"426",3.5625
"427",2.7525
"428",2.0325
"429",2.555
"430",3.4125
"431",1.8675
"432",1.79
"433",2.4425
"434",2.4075
"435",2.435
"436",2.69
"437",2.5525
"438",2.225
"439",2.2725
"440",2.9125
"441",2.7175
"442",1.755
"443",1.77
"444",2.8125
"445",1.24
"446",2.34
"447",1.22
"448",3.6125
"449",3.975
"450",1.6325
"451",2.0975
"452",1.8475
"453",2.3725
"454",2.9625
"455",4.3625
"456",2.855
"457",2.5825
"458",3.705
"459",3.5125
"460",1.7375
"461",4.47
"462",2.595
"463",1.7375
"464",2.1625
"465",1.99
"466",1.5725
"467",3.3025
"468",1.365
"469",0.8725
"470",2.845
"471",3.78
"472",1.3075
"473",0.5575
"474",1.5475
"475",2.165
"476",1.1875
"477",1.8025
"478",1.9475
"479",1.705
"480",1.7825
"481",1.5825
"482",1.0325
"483",2.48
"484",2.445
"485",2.3775
"486",2.6375
"487",1.3975
"488",1.9325
"489",2.2075
"490",1.7525
"491",3.1475
"492",3.045
"493",2.5375
"494",2.445
"495",1.6
"496",2.7725
"497",2.575
"498",2.4775
"499",1.74
"500",1.7375
"501",2.8625
"502",1.0425
"503",2.33
"504",2.755
"505",2.5475
"506",1.6225
"507",4.1975
"508",1.7075
"509",1.0175
"510",1.665
"511",2.47
"512",1.74
"513",1.3775
"514",1.1975
"515",0.885
"516",1.7625
"517",2.2625
"518",1.93
"519",1.955
"520",1.5675
"521",1.8275
"522",1.895
"523",1.815
"524",1.66
"525",1.1075
"526",1.075
"527",1.4775
"528",1.735
"529",1.5025
"530",3.0225
"531",1.7225
"532",3.4825
"533",3.4525
"534",1.7775
"535",3.175
"536",1.3775
"537",1.465
"538",2.6125
"539",2.8625
"540",2.6225
"541",2.84
"542",1.965
"543",1.9375
"544",3.215
"545",2.2275
"546",2.6025
"547",3.0825
"548",3.2225
"549",2.7075
"550",1.7325
"551",3.1725
"552",2.1725
"553",4.4125
"554",2.2825
"555",2.6225
"556",1.5775
"557",2.3925
"558",2.27
"559",2.6825
"560",1.77
"561",3.395
"562",2.995
"563",2.2575
"564",4.4425
"565",3.58
"566",2.6475
"567",2.5625
"568",4.5175
"569",3.0575
"570",3.025
"571",2.1
"572",3.325
"573",1.555
"574",1.54
"575",2.3825
"576",2.195
"577",2.73
"578",2.225
"579",2.2725
"580",2.4075
"581",1.2975
"582",2.5
"583",2.7275
"584",2.4625
"585",2.3675
"586",1.6775
"587",2.63
"588",1.5675
"589",2.2425
"590",1.995
"591",2.2525
"592",2.915
"593",2.1075
"594",1.355
"595",1.425
"596",2.575
"597",2.6575
"598",1.8925
"599",3.9625
"600",2.4425
"601",2.57
"602",4.2775
"603",4.85
"604",4.26
"605",4.665
"606",4.735
"607",1.62
"608",3.05
"609",1.4175
"610",1.65
"611",1.1425
"612",2.0925
"613",1.445
"614",2.3175
"615",3.255
"616",2.825
"617",2.315
"618",1.31
"619",2.03
"620",1.2225
"621",3.1675
"622",1.9975
"623",2.2525
"624",2.0525
"625",2.805
"626",2.955
"627",0.34
"628",1.795
"629",1.67
"630",1.6575
"631",4.495
"632",3.1475
"633",3.105
"634",1.675
"635",2.0625
"636",2.59
"637",3.725
"638",2.1275
"639",2.9575
"640",3.8875
"641",2.345
"642",1.6925
"643",1.95
"644",2.715
"645",1.5475
"646",2.49
"647",1.585
"648",1.015
"649",1.7175
"650",1.535
"651",1.18
"652",1.435
"653",2.8425
"654",1.485
"655",1.975
"656",2.495
"657",1.465
"658",0.81
"659",1.255
"660",1.9125
"661",1.8875
"662",2.205
"663",2.705
"664",1.7175
"665",2.11
"666",3.14
"667",2.72
"668",3.185
"669",1.4075
"670",1.765
"671",1.375
"672",2.525
"673",2.1475
"674",1.35
"675",1.9225
"676",2.1625
"677",4.4925
"678",2.0125
"679",1.415
"680",1.0775
"681",1.03
"682",3.725
"683",1.475
"684",1.94
"685",2.345
"686",1.5475
"687",1.4975
"688",1.76
"689",2.67
"690",2.34
"691",1.8075
"692",1.56
"693",7.46
"694",6.705
"695",4.0275
"696",1.88
"697",1.1275
"698",2.6425
"699",2.1375
"700",1.6375
"701",2.64
"702",1.765
"703",2.1525
"704",2.27
"705",2.11
"706",3.455
"707",5.155
"708",2.45
"709",2.17
"710",0.745
"711",1.805
"712",1.1475
"713",3.0425
"714",2.685
"715",2.8625
"716",1.3325
"717",2.2325
"718",2.575
"719",2.46
"720",1.635
"721",1.945
"722",2.4525
"723",2.1575
"724",2.655
"725",2.045
"726",2.7025
"727",1.3175
"728",1.87
"729",3.89
"730",3.1875
"731",2.765
"732",1.5125
"733",3.2175
"734",3.6675
"735",1.8775
"736",3.485
"737",3.6775
"738",4.7075
"739",1.8775
"740",3.0375
"741",2.0325
"742",2.4
"743",3.135
"744",2.905
"745",1.6425
"746",3.5675
"747",2.3625
"748",2.8175
"749",3.8025
"750",3.495
"751",1.815
"752",1.3175
"753",2.0775
"754",1.665
"755",1.9725
"756",2.835
"757",2.215
"758",3.3375
"759",2.8975
"760",1.63
"761",1.805
"762",2.945
"763",2.3975
"764",2.735
"765",3.3225
"766",3.8125
"767",2.1125
"768",3.215
"769",1.4875
"770",1.7
"771",2.1975
"772",4.0225
"773",1.1
"774",1.245
"775",1.0875
"776",1.9925
"777",2.6
"778",2.35
"779",2.625
"780",2.1825
"781",1.8475
"782",2.255
"783",2.375
"784",1.8875
"785",1.91
"786",2.2875
"787",3.5725
"788",1.9725
"789",1.46
"790",1.645
"791",2.6225
"792",2.05
"793",1.625
"794",1.5625
"795",2.955
"796",2.245
"797",1.6025
"798",3.8825
"799",1.875
"800",2.54
"801",1.8975
"802",1.8825
"803",1.7375
"804",1.62
"805",2.4475
"806",1.455
"807",1.64
"808",1.9275
"809",2.2775
"810",2.0475
"811",2.3325
"812",2.17
"813",2.405
"814",2.425
"815",2.955
"816",3.4675
"817",3.055
"818",1.3125
"819",4.575
"820",3.9425
"821",1.435
"822",3.13
"823",3.625
"824",2.84
"825",1.76
"826",2.42
"827",2.1625
"828",1.7525
"829",1.705
"830",2.145
"831",1.965
"832",1.7125
"833",1.1775
"834",5.725
"835",3.2925
"836",2.6375
"837",2.46
"838",1.84
"839",2.205
"840",1.9025
"841",3.3225
"842",2.5825
"843",2.1725
"844",1.455
"845",1.08
"846",2.5625
"847",2.31
"848",2.0775
"849",2.6125
"850",2.0625
"851",2.3075
"852",1.63
"853",2.4525
"854",1.92
"855",1.3275
"856",1.3975
"857",1.615
"858",2.4725
"859",1.785
"860",2.54
"861",1.72
"862",5.1575
"863",2.28
"864",1.515
"865",2.6275
"866",1.475
"867",2.635
"868",2.81
"869",2.585
"870",2.7775
"871",2.855
"872",1.835
"873",1.0025
"874",4.2775
"875",2.36
"876",3.4375
"877",3.6675
"878",2.36
"879",2.45
"880",2.465
"881",1.525
"882",2.0025
"883",1.885
"884",1.3675
"885",1.805
"886",0.785
"887",1.9
"888",1.775
"889",2.8975
"890",2.0375
"891",2.4675
"892",2.275
"893",1.315
"894",2.3575
"895",2.6825
"896",2.5525
"897",2.1575
"898",2.4425
"899",1.85
"900",1.745
"901",3.21
"902",3.3275
"903",1.2525
"904",2.105
"905",2.54
"906",1.855
"907",2.965
"908",3.0125
"909",2.775
"910",2.995
"911",2.065
"912",1.5275
"913",2.95
"914",2.485
"915",3.635
"916",4.7125
"917",2.555
"918",2.6725
"919",0.85
"920",2.2775
"921",1.3625
"922",1.7375
"923",1.6275
"924",2.6025
"925",3.21
"926",1.85
"927",2.22
"928",2.585
"929",2.3525
"930",1.89
"931",1.2575
"932",4.1525
"933",3.2525
"934",2.73
"935",2.3575
"936",2.2675
"937",2.05
"938",2.855
"939",5.3025
"940",3.89
"941",4.7375
"942",0.735
"943",3.2575
"944",1.2025
"945",1.085
"946",0.8475
"947",3.425
"948",4.225
"949",1.6925
"950",2.0925
"951",1.64
"952",3.19
"953",1.125
"954",3.35
"955",1.995
"956",2.4075
"957",2.5375
"958",1.8925
"959",1.42
"960",1.8425
"961",2.18
"962",1.91
"963",2.92
"964",1.9225
"965",1.535
"966",1.83
"967",3.0525
"968",2.6325
"969",1.98
"970",2.3425
"971",3.21
"972",3.615
"973",2.5425
"974",1.345
"975",2.23
"976",1.61
"977",2.4975
"978",1.5325
"979",3.0375
"980",1.945
"981",2.0175
"982",1.25
"983",2.21
"984",2.9
"985",2.685
"986",2.955
"987",2.08
"988",2.285
"989",1.1175
"990",1.665
"991",1.1825
"992",0.92
"993",2.625
"994",1.4475
"995",2.4
"996",2.205
"997",1.59
"998",2.275
"999",2.1175
"1000",2.085
"1001",2.09
"1002",2.42
"1003",2.1875
"1004",2.385
"1005",0.9725
"1006",1.7125
"1007",2.3675
"1008",3.03
"1009",2.18
"1010",2.0925
"1011",1.9375
"1012",2.8325
"1013",2.6325
"1014",1.885
"1015",2.5825
"1016",3.8825
"1017",2.6675
"1018",1.445
"1019",2.2925
"1020",3.01
"1021",3.275
"1022",2.4475
"1023",2.275
"1024",2.775
"1025",2.2
"1026",2.8075
"1027",2.245
"1028",2.8525
"1029",2.3775
"1030",2.175
"1031",3.4175
"1032",2.1675
"1033",1.8825
"1034",1.99
"1035",2.705
"1036",2.245
"1037",2.33
"1038",2.0075
"1039",1.775
"1040",2.3275
"1041",2.71
"1042",2.4825
"1043",2.48
"1044",3.09
"1045",2.52
"1046",2.255
"1047",1.02
"1048",2.3025
"1049",2.165
"1050",1.96
"1051",2.0975
"1052",1.7175
"1053",1.89
"1054",2.7575
"1055",2.065
"1056",2.805
"1057",2.465
"1058",1.64
"1059",1.48
"1060",1.5825
"1061",1.535
"1062",3.44
"1063",1.53
"1064",1.935
"1065",1.79
"1066",2.8625
"1067",2.4475
"1068",1.475
"1069",2.15
"1070",1.315
"1071",2.0775
"1072",2.17
"1073",2.5675
"1074",2.325
"1075",1
"1076",2.0275
"1077",2.8725
"1078",2.3125
"1079",1.5825
"1080",3.01
"1081",2.2325
"1082",1.705
"1083",2.4125
"1084",2.3525
"1085",1.6175
"1086",2.8075
"1087",3.2975
"1088",2.92
"1089",2.5525
"1090",2.0175
"1091",4.16
"1092",2.2025
"1093",3.035
"1094",1.36
"1095",1.4275
"1096",1.905
"1097",2.635
"1098",3.01
"1099",2.2025
"1100",2.425
"1101",2.24
"1102",1.46
"1103",4.485
"1104",1
"1105",1.9775
"1106",2.225
"1107",2.3025
"1108",1.62
"1109",4.03
"1110",4.6625
"1111",2.4725
"1112",3.075
"1113",2.27
"1114",2.81
"1115",2.4175
"1116",1.6925
"1117",0.9925
"1118",1.6525
"1119",4.405
"1120",1.785
"1121",1.0675
"1122",1.955
"1123",3.4575
"1124",1.8175
"1125",1.8
"1126",1.125
"1127",1.345
"1128",1.565
"1129",2.015
"1130",3.085
"1131",2.8
"1132",1.3375
"1133",2.0125
"1134",2.5325
"1135",3.245
"1136",3.0875
"1137",2.7325
"1138",3.2225
"1139",1.175
"1140",1.195
"1141",1.0875
"1142",1.3825
"1143",1.1775
"1144",1.0725
"1145",3.275
"1146",2.8725
"1147",2.545
"1148",2.4225
"1149",1.755
"1150",1.7375
"1151",1.8675
"1152",2.08
"1153",1.855
"1154",3.14
"1155",3.455
"1156",3.495
"1157",3.205
"1158",2.7125
"1159",3.44
"1160",3.33
"1161",1.5475
"1162",3.055
"1163",2.205
"1164",3.0275
"1165",2.3425
"1166",2.42
"1167",1.18
"1168",1.47
"1169",1.06
"1170",2.3275
"1171",2.4825
"1172",1.495
"1173",1.915
"1174",2.135
"1175",1.955
"1176",1.345
"1177",1.54
"1178",4.695
"1179",1.765
"1180",2.3325
"1181",2.65
"1182",1.6725
"1183",1.9625
"1184",1.6475
"1185",2.4875
"1186",1.7
"1187",2.34
"1188",1.495
"1189",2.2575
"1190",3.4775
"1191",2.66
"1192",2.2925
"1193",2.52
"1194",1.67
"1195",1.84
"1196",2.51
"1197",1.5625
"1198",1.915
"1199",2.17
"1200",2.5875
"1201",3.36
"1202",2.045
"1203",2.39
"1204",2.7225
"1205",2.3175
"1206",3.06
"1207",3.375
"1208",2.04
"1209",2.19
"1210",1.9425
"1211",1.61
"1212",3.4125
"1213",3.1125
"1214",2.4925
"1215",2.4075
"1216",3.045
"1217",1.71
"1218",1.745
"1219",2.165
"1220",1.945
"1221",1.465
"1222",2.74
"1223",1.8025
"1224",1.84
"1225",1.97
"1226",1.455
"1227",2.91
"1228",2.7775
"1229",2.6275
"1230",1.62
"1231",1.72
"1232",3.5525
"1233",2.3
"1234",3.33
"1235",3.26
"1236",1.8625
"1237",2.74
"1238",1.8475
"1239",2.5275
"1240",2.94
"1241",3.0925
"1242",1.9775
"1243",3.16
"1244",2.73
"1245",2
"1246",1.505
"1247",1.9975
"1248",1.0525
"1249",2.1025
"1250",2.2475
"1251",2.1375
"1252",1.9
"1253",2.325
"1254",2.3475
"1255",3.51
"1256",0.955
"1257",1.46
"1258",3.245
"1259",3.9325
"1260",3.2025
"1261",3.4325
"1262",1.7475
"1263",2.2175
"1264",2.1275
"1265",3.5175
"1266",2.8675
"1267",2.7825
"1268",1.7175
"1269",2.22
"1270",1.87
"1271",1.75
"1272",2.1325
"1273",1.4775
"1274",1.625
"1275",1.59
"1276",1.3125
"1277",1.915
"1278",1.9675
"1279",0.7275
"1280",1.1125
"1281",1.0575
"1282",1.815
"1283",2.0075
"1284",2.0125
"1285",2.37
"1286",2.5925
"1287",1.9575
"1288",2.46
"1289",1.5375
"1290",2.7225
"1291",2.32
"1292",4.04
"1293",2.7325
"1294",3.87
"1295",2.7975
"1296",3.1525
"1297",2.2275
"1298",1.7475
"1299",2.585
"1300",1.49
"1301",1.545
"1302",1.3825
"1303",1.195
"1304",2.43
"1305",2.065
"1306",1.7575
"1307",1.845
"1308",1.795
"1309",3.335
"1310",3.3125
"1311",1.4525
"1312",2.17
"1313",1.415
"1314",1.865
"1315",2.1825
"1316",1.835
"1317",1.96
"1318",1.7775
"1319",1.91
"1320",1.57
"1321",1.3975
"1322",1.6675
"1323",2.545
"1324",2.705
"1325",1.755
"1326",1.8075
"1327",2.02
"1328",2.5125
"1329",2.1625
"1330",3.125
"1331",1.3425
"1332",1.415
"1333",3.17
"1334",2.085
"1335",3.0525
"1336",3.165
"1337",2.1925
"1338",4.62
"1339",4.8175
"1340",2
"1341",1.3625
"1342",1.8575
"1343",2.3175
"1344",2.9825
"1345",2.4775
"1346",2.055
"1347",1.9825
"1348",1.7125
"1349",2.61
"1350",2.0275
"1351",1.8775
"1352",1.62
"1353",2
"1354",2.215
"1355",2.285
"1356",1.6175
"1357",2.535
"1358",1.2675
"1359",3.275
"1360",1.895
"1361",1.5725
"1362",3.77
"1363",2.8925
"1364",2.6875
"1365",2.0075
"1366",3.7075
"1367",2.95
"1368",2.1125
"1369",1.6775
"1370",2.735
"1371",2.6525
"1372",2.355
"1373",2.5625
"1374",2.65
"1375",2.3125
"1376",1.875
"1377",2.0225
"1378",3.325
"1379",1.47
"1380",1.9475
"1381",1.4875
"1382",1.265
"1383",2.76
"1384",3.125
"1385",2.11
"1386",2.7275
"1387",3.05
"1388",2.7125
"1389",3.81
"1390",3.255
"1391",2.1675
"1392",1.735
"1393",2.085
"1394",2.215
"1395",2.765
"1396",2.7175
"1397",7.13
"1398",2.0975
"1399",2.89
"1400",2.65
"1401",1.85
"1402",2.5475
"1403",1.82
"1404",2.465
"1405",2.6625
"1406",2.39
"1407",2.7675
"1408",1.395
"1409",2.53
"1410",3.2825
"1411",1.5375
"1412",1.9175
"1413",2.6675
"1414",1.8575
"1415",1.9975
"1416",2.29
"1417",2.0525
"1418",2.1675
"1419",1.885
"1420",2.22
"1421",1.965
"1422",2.1425
"1423",2.7625
"1424",2.3225
"1425",0.945
"1426",1.305
"1427",1.6725
"1428",1.7425
"1429",1.775
"1430",1.4325
"1431",1.3375
"1432",1.4875
"1433",1.205
"1434",1.6325
"1435",3.1425
"1436",0.925
"1437",1.9975
"1438",2.0675
"1439",1.985
"1440",1.7575
"1441",1.465
"1442",1.6325
"1443",1.65
"1444",1.36
"1445",2.3425
"1446",1.5075
"1447",2.73
"1448",1.3675
"1449",2.2575
"1450",2.055
"1451",2.09
"1452",1.39
"1453",1.125
"1454",1.21
"1455",1.845
"1456",1.145
"1457",3.0575
"1458",3.0225
"1459",1.5225
"1460",1.985
"1461",3.32
"1462",3.3275
"1463",2.4825
"1464",2.165
"1465",2.655
"1466",1.0675
"1467",1.8025
"1468",3.0575
"1469",2.9
"1470",3.3575
"1471",1.9475
"1472",3.0375
"1473",2.625
"1474",2.04
"1475",1.4825
"1476",3.665
"1477",2.0325
"1478",3.3175
"1479",2.95
"1480",2.615
"1481",1.95
"1482",1.7325
"1483",2.94
"1484",2.465
"1485",0.62
"1486",2.6625
"1487",2.3525
"1488",2.395
"1489",2.42
"1490",2.25
"1491",2.3725
"1492",1.72
"1493",2.2025
"1494",2.1975
"1495",1.565
"1496",2.7425
"1497",1.8675
"1498",3.7775
"1499",2.405
"1500",1.195
"1501",1.275
"1502",2.53
"1503",1.685
"1504",2.8825
"1505",2.26
"1506",1.815
"1507",1.97
"1508",2.3775
"1509",2.5025
"1510",1.445
"1511",1.2975
"1512",1.3325
"1513",1.7175
"1514",1.9275
"1515",2.02
"1516",1.8825
"1517",2.99
"1518",2.9425
"1519",2.1275
"1520",3.8475
"1521",3.47
"1522",2.5625
"1523",2.2925
"1524",3.3725
"1525",1.945
"1526",1.0225
"1527",1.0325
"1528",1.4075
"1529",2.325
"1530",1.425
"1531",1.1125
"1532",2.515
"1533",2.105
"1534",2.7675
"1535",1.635
"1536",2.18
"1537",1.9625
"1538",1.2525
"1539",1.6
"1540",2.155
"1541",1.6625
"1542",1.7925
"1543",1.965
"1544",1.39
"1545",1.62
"1546",1.075
"1547",2.7975
"1548",2.545
"1549",3.15
"1550",1.915
"1551",2.18
"1552",1.495
"1553",2.1025
"1554",3.77
"1555",4.885
"1556",2.605
"1557",2.68
"1558",1.525
"1559",1.315
"1560",1.6325
"1561",1.865
"1562",3.215
"1563",3.605
"1564",0.8275
"1565",2.14
"1566",2.53
"1567",2.43
"1568",2.3925
"1569",2.135
"1570",2.565
"1571",1.4275
"1572",1.3325
"1573",1.4525
"1574",2.065
"1575",1.72
"1576",1.635
"1577",1.84
"1578",3.1025
"1579",2.2875
"1580",2.58
"1581",2.2025
"1582",1.815
"1583",1.89
"1584",2.3025
"1585",2.27
"1586",2.92
"1587",3.68
"1588",2.1
"1589",2.6875
"1590",2.23
"1591",2.8975
"1592",3.1975
"1593",2.6575
"1594",1.7275
"1595",1.1325
"1596",2.11
"1597",2.105
"1598",1.445
"1599",1.1725
"1600",1.435
"1601",1.6475
"1602",1.645
"1603",2.6725
"1604",2.2425
"1605",2.0875
"1606",1.6725
"1607",3.515
"1608",2.99
"1609",2.745
"1610",1.335
"1611",2.44
"1612",1.365
"1613",1.875
"1614",1.9925
"1615",1.9375
"1616",2.34
"1617",2.985
"1618",2.6125
"1619",2.68
"1620",2.275
"1621",1.93
"1622",1.485
"1623",2.1875
"1624",3.115
"1625",2.5375
"1626",1.0575
"1627",1.08
"1628",2.5825
"1629",1.375
"1630",2.905
"1631",2.63
"1632",3.0625
"1633",2.915
"1634",3.0675
"1635",2.15
"1636",2.8275
"1637",2.4525
"1638",1.48
"1639",2.795
"1640",2.74
"1641",1.6675
"1642",2.325
"1643",3.7425
"1644",2.7875
"1645",2.99
"1646",2.11
"1647",3.8625
"1648",1.62
"1649",2.0625
"1650",2.6475
"1651",2.61
"1652",2.735
"1653",1.4475
"1654",1.86
"1655",1.65
"1656",1.7975
"1657",1.57
"1658",1.5975
"1659",1.8175
"1660",1.455
"1661",1.1125
"1662",1.1125
"1663",2.325
"1664",1.0925
"1665",2.0675
"1666",1.0025
"1667",2.335
"1668",2.3675
"1669",3.66
"1670",2.0275
"1671",2.0625
"1672",3.055
"1673",2.2875
"1674",2.205
"1675",1.8025
"1676",1.5075
"1677",1.6975
"1678",2.0625
"1679",3.645
"1680",1.3975
"1681",2.0625
"1682",4.595
"1683",2.36
"1684",2.85
"1685",2.7125
"1686",2.6125
"1687",1.715
"1688",1.8625
"1689",1.635
"1690",2.7225
"1691",1.6475
"1692",1.99
"1693",2.5025
"1694",1.815
"1695",2.215
"1696",1.3175
"1697",1.85
"1698",2.0475
"1699",2.4875
"1700",2.1725
"1701",2.3325
"1702",2.6075
"1703",2.26
"1704",1.0725
"1705",1.2275
"1706",1.495
"1707",2.9325
"1708",1.0725
"1709",2.275
"1710",2.7775
"1711",2.885
"1712",2.515
"1713",3.1125
"1714",1.5575
"1715",1.5225
"1716",2.2875
"1717",1.78
"1718",1.515
"1719",2.1475
"1720",2.085
"1721",3.605
"1722",2.3825
"1723",2.4425
"1724",2.22
"1725",1.6525
"1726",1.1825
"1727",1.725
"1728",1.92
"1729",1.27
"1730",1.4
"1731",1.7475
"1732",2.545
"1733",2.8325
"1734",2.005
"1735",2.7075
"1736",2.61
"1737",2.8575
"1738",2.1525
"1739",2.16
"1740",1.4325
"1741",1.76
"1742",2.6475
"1743",2.59
"1744",1.9625
"1745",3.265
"1746",2.99
"1747",2.5625
"1748",2.9825
"1749",2.7425
"1750",3.3175
"1751",3.53
"1752",3.4075
"1753",3.96
"1754",2.2975
"1755",2.4775
"1756",2.635
"1757",1.4175
"1758",2.235
"1759",2.39
"1760",2.3925
"1761",1.92
"1762",2.0125
"1763",2.1425
"1764",1.39
"1765",1.66
"1766",2.6375
"1767",2.4425
"1768",1.35
"1769",1.9825
"1770",3.6475
"1771",3.045
"1772",1.5175
"1773",2.57
"1774",0.7175
"1775",1.44
"1776",1.145
"1777",1.1875
"1778",1.5675
"1779",2.4075
"1780",2.0925
"1781",1.6425
"1782",5.29
"1783",5.2975
"1784",6.3375
"1785",3.3875
"1786",1.54
"1787",1.605
"1788",2
"1789",1.9025
"1790",1.1725
"1791",1.4175
"1792",1.405
"1793",1.7875
"1794",2.4575
"1795",3.1425
"1796",3.1825
"1797",1.685
"1798",2.24
"1799",1.4925
"1800",2.385
"1801",2.2025
"1802",2.39
"1803",3.7125
"1804",2.2325
"1805",1.8125
"1806",1.6525
"1807",1.245
"1808",2.2225
"1809",1.305
"1810",1.4325
"1811",3.7275
"1812",2.4675
"1813",2.205
"1814",3.205
"1815",2.79
"1816",3.8825
"1817",2.5725
"1818",2.6525
"1819",2.2375
"1820",3.1225
"1821",2.3625
"1822",4.4525
"1823",1.06
"1824",1.2175
"1825",2.3275
"1826",2.7875
"1827",1.75
"1828",1.955
"1829",1.4725
"1830",3.025
"1831",0.9675
"1832",1.81
"1833",1.16
"1834",1.6425
"1835",1.425
"1836",1.2675
"1837",2.235
"1838",1.595
"1839",2.6175
"1840",1.955
"1841",1.53
"1842",2.8125
"1843",2.78
"1844",1.9625
"1845",3.3625
"1846",0.99
"1847",1.8675
"1848",2.9525
"1849",2.32
"1850",2.1825
"1851",2.245
"1852",1.945
"1853",1.595
"1854",2.42
"1855",2.375
"1856",2.5025
"1857",2.93
"1858",2.4825
"1859",2.295
"1860",2.5675
"1861",1.2325
"1862",1.8975
"1863",2.26
"1864",2.36
"1865",3.5725
"1866",2.3575
"1867",3.165
"1868",2.575
"1869",3.535
"1870",4.01
"1871",1.695
"1872",1.55
"1873",1.83
"1874",3.685
"1875",2.2775
"1876",2.9475
"1877",2.8575
"1878",1.85
"1879",2.15
"1880",1.82
"1881",2.595
"1882",1.6225
"1883",0.835
"1884",1.785
"1885",1.885
"1886",0.3875
"1887",2.175
"1888",3.535
"1889",3.4125
"1890",3.2
"1891",1.72
"1892",1.69
"1893",1.19
"1894",1.795
"1895",3.5425
"1896",2.7
"1897",2.8825
"1898",2.125
"1899",1.9875
"1900",1.355
"1901",6.82
"1902",1.0925
"1903",1.655
"1904",2.01
"1905",2.095
"1906",2.4075
"1907",2.6925
"1908",1.2925
"1909",1.995
"1910",1.2475
"1911",1.3975
"1912",1.765
"1913",1.6175
"1914",1.19
"1915",2.9375
"1916",1.875
"1917",1.925
"1918",3.895
"1919",1.5975
"1920",3.36
"1921",1.9325
"1922",1.41
"1923",2.22
"1924",1.7125
"1925",4.0425
"1926",2.23
"1927",2.125
"1928",1.825
"1929",2.9125
"1930",2.1925
"1931",4.2725
"1932",2.415
"1933",2.7
"1934",3.0575
"1935",2.7925
"1936",1.1075
"1937",1.4325
"1938",1.325
"1939",1.62
"1940",2.275
"1941",1.2725
"1942",3.1225
"1943",2.73
"1944",3.355
"1945",3.6925
"1946",3.11
"1947",4.0375
"1948",1.6975
"1949",1.8725
"1950",2.55
"1951",1.89
"1952",1.7375
"1953",1.5875
"1954",1.49
"1955",2.5
"1956",1.6075
"1957",0.77
"1958",1.375
"1959",2.5375
"1960",2.1525
"1961",3.11
"1962",1.1425
"1963",1.43
"1964",0.585
"1965",1.1025
"1966",1.3425
"1967",1.2525
"1968",2.905
"1969",2.95
"1970",2.845
"1971",1.8125
"1972",2.28
"1973",3.005
"1974",2.965
"1975",3.1175
"1976",3
"1977",2.875
"1978",2.99
"1979",2.3125
"1980",3.5125
"1981",2.6925
"1982",3.12
"1983",4.0875
"1984",2.225
"1985",3.555
"1986",3.0575
"1987",2.4
"1988",2.3425
"1989",1.9475
"1990",1.7775
"1991",2.3175
"1992",2.7175
"1993",1.7325
"1994",1.91
"1995",3.1375
"1996",2.7425
"1997",2.2475
"1998",3.7725
"1999",3.0025
"2000",1.5525
"2001",1.915
"2002",1.4325
"2003",1.975
"2004",1.7975
"2005",1.6175
"2006",1.225
"2007",2.4525
"2008",2.51
"2009",2.21
"2010",1.8375
"2011",2.245
"2012",2.21
"2013",3.135
"2014",2.1075
"2015",2.0525
"2016",1.375
"2017",1.8475
"2018",3.1475
"2019",2.0575
"2020",2.86
"2021",2.1675
"2022",2.165
"2023",1.2275
"2024",3.3175
"2025",2.24
"2026",2.9525
"2027",2.3025
"2028",3.0625
"2029",2.885
"2030",2.9025
"2031",2.4175
"2032",2.07
"2033",1.1625
"2034",3.0475
"2035",2.9725
"2036",2.66
"2037",2.16
"2038",3.23
"2039",3.1975
"2040",2.8575
"2041",2.705
"2042",2.87
"2043",2.335
"2044",4.485
"2045",3.5325
"2046",2.285
"2047",1.8525
"2048",1.3625
"2049",1.4575
"2050",3.37
"2051",2.5575
"2052",1.62
"2053",1.6125
"2054",1.52
"2055",2.7325
"2056",2.83
"2057",3.3025
"2058",3.775
"2059",2.4025
"2060",1.8825
"2061",2.9925
"2062",4.2325
"2063",5.24
"2064",1.8775
"2065",2.97
"2066",3.09
"2067",0.295
"2068",1.8525
"2069",1.87
"2070",0.7625
"2071",0.4875
"2072",0.67
"2073",1.975
"2074",0.65
"2075",2.2825
"2076",1.99
"2077",4.7575
"2078",2.5675
"2079",3.1225
"2080",2
"2081",1.985
"2082",2.6675
"2083",1.655
"2084",1.8575
"2085",0.9625
"2086",2.3875
"2087",1.9275
"2088",2.4125
"2089",1.35
"2090",2.3525
"2091",1.5925
"2092",2.39
"2093",2.035
"2094",2.25
"2095",3.63
"2096",2.4575
"2097",3.515
"2098",2.4075
"2099",2.2275
"2100",1.615
"2101",1.5575
"2102",1.0625
"2103",1.4875
"2104",4.1925
"2105",2.2675
"2106",2.685
"2107",1.81
"2108",2.3575
"2109",2.235
"2110",1.0925
"2111",2.3875
"2112",2.935
"2113",3.775
"2114",1.8475
"2115",2.28
"2116",1.2
"2117",1.06
"2118",3.185
"2119",1.675
"2120",1.5625
"2121",1.4075
"2122",1.925
"2123",1.7375
"2124",1.9925
"2125",1.55
"2126",1.985
"2127",1.925
"2128",1.335
"2129",1.635
"2130",0.9175
"2131",1.135
"2132",2.475
"2133",0.935
"2134",1.7925
"2135",4.2775
"2136",1.3775
"2137",1.91
"2138",2.63
"2139",2.1925
"2140",2.43
"2141",2.2625
"2142",1.705
"2143",3.5225
"2144",2.555
"2145",3.1625
"2146",3.6075
"2147",3.0075
"2148",2.9425
"2149",2.375
"2150",2.24
"2151",2.13
"2152",2.64
"2153",1.4475
"2154",1.125
"2155",2.0125
"2156",2.015
"2157",2.01
"2158",2.52
"2159",2.195
"2160",2.355
"2161",2.4975
"2162",1.665
"2163",1.805
"2164",1.33
"2165",2.46
"2166",2.7
"2167",2.16
"2168",2.0675
"2169",1.795
"2170",2.4525
"2171",2.6875
"2172",2.43
"2173",1.4275
"2174",2.7025
"2175",1.815
"2176",1.1825
"2177",3.23
"2178",2.08
"2179",4.195
"2180",2.0275
"2181",2.7575
"2182",2.635
"2183",2.5975
"2184",2.925
"2185",2.9925
"2186",2.62
"2187",2.1875
"2188",1.595
"2189",1.065
"2190",2.3775
"2191",1.9625
"2192",1.8475
"2193",1.9775
"2194",2.325
"2195",3.465
"2196",2.245
"2197",2.3675
"2198",3.1275
"2199",2.575
"2200",2.2625
"2201",1.0225
"2202",0.5225
"2203",1.0975
"2204",1.2275
"2205",1.8475
"2206",1.9875
"2207",2.4075
"2208",1.4375
"2209",2.33
"2210",1.62
"2211",1.07
"2212",0.9875
"2213",3.82
"2214",1.2525
"2215",2.0675
"2216",1.97
"2217",2.7625
"2218",1.9125
"2219",2.105
"2220",2.4475
"2221",2.3125
"2222",1.41
"2223",1.435
"2224",2.1625
"2225",1.925
"2226",1.4125
"2227",4.8875
"2228",5.2075
"2229",3.055
"2230",1.945
"2231",1.3225
"2232",2.9
"2233",2.215
"2234",1.9025
"2235",2.0075
"2236",1.0625
"2237",0.81
"2238",1.4825
"2239",2.0525
"2240",4.2225
"2241",3.26
"2242",3.4275
"2243",6.3525
"2244",2.715
"2245",1.585
"2246",2.2125
"2247",3.4475
"2248",4.98
"2249",3.395
"2250",3.1325
"2251",2.455
"2252",1.7375
"2253",1.8825
"2254",3.395
"2255",2.71
"2256",3.385
"2257",2.595
"2258",1.555
"2259",2.6225
"2260",2.1825
"2261",2.4725
"2262",2.45
"2263",2.3
"2264",3.7425
"2265",3.3625
"2266",2.905
"2267",2.0675
"2268",2.8075
"2269",1.4
"2270",1.5525
"2271",2.6775
"2272",1.8625
"2273",2.055
"2274",2.56
"2275",3.11
"2276",2.4525
"2277",3.13
"2278",2.2425
"2279",2.1925
"2280",2.7575
"2281",3.1925
"2282",3.4075
"2283",1.9275
"2284",1.3875
"2285",2.5775
"2286",1.515
"2287",1.285
"2288",1.7025
"2289",2.575
"2290",1.7825
"2291",2.1125
"2292",2.47
"2293",2.9275
"2294",3.445
"2295",1.1625
"2296",1.0225
"2297",1.36
"2298",2.1175
"2299",1.915
"2300",2.505
"2301",5.16
"2302",1.415
"2303",1.3
"2304",1.7925
"2305",1.42
"2306",1.59
"2307",1.31
"2308",1.47
"2309",1.8175
"2310",2.02
"2311",2.045
"2312",2.0975
"2313",2.0625
"2314",2.34
"2315",3.145
"2316",2.7175
"2317",2.235
"2318",3.125
"2319",3.095
"2320",2.5375
"2321",1.605
"2322",2.705
"2323",2.475
"2324",1.8175
"2325",1.56
"2326",2.005
"2327",1.8975
"2328",2.105
"2329",3.3125
"2330",2.3625
"2331",3.005
"2332",1.5825
"2333",1.72
"2334",2.2275
"2335",3.6575
"2336",3.45
"2337",2.505
"2338",3.345
"2339",3.53
"2340",3.11
"2341",2.555
"2342",2.7225
"2343",1.5475
"2344",2.96
"2345",3.1525
"2346",3.1225
"2347",2.3525
"2348",2.5925
"2349",6.0475
"2350",2.6125
"2351",2.385
"2352",4.24
"2353",2.4475
"2354",2.6175
"2355",2.2025
"2356",2.865
"2357",2.47
"2358",2.2225
"2359",2.0375
"2360",1.7275
"2361",3.055
"2362",1.8525
"2363",1.9625
"2364",1.8525
"2365",1.9925
"2366",3.37
"2367",1.73
"2368",1.04
"2369",2.1125
"2370",1.885
"2371",1.95
"2372",5.2525
"2373",2.7525
"2374",2.8975
"2375",2.985
"2376",2.5475
"2377",1.555
"2378",1.8775
"2379",2.8925
"2380",1.8775
"2381",0.7875
"2382",0.815
"2383",1.3825
"2384",1.2
"2385",1.56
"2386",2.195
"2387",3.0125
"2388",2.72
"2389",2.12
"2390",1.9525
"2391",1.9775
"2392",2.495
"2393",1.48
"2394",1.995
"2395",3.68
"2396",2.9
"2397",3.345
"2398",2.8425
"2399",3.1075
"2400",2.3625
"2401",2.3325
"2402",2.3725
"2403",2.0525
"2404",2.34
"2405",1.665
"2406",1.38
"2407",2.065
"2408",2
"2409",1.845
"2410",2.08
"2411",1.585
"2412",2.265
"2413",1.415
"2414",1.38
"2415",2.445
"2416",2.8625
"2417",2.8375
"2418",2.1175
"2419",1.68
"2420",1.2175
"2421",1.2125
"2422",1.5
"2423",1.3925
"2424",1.65
"2425",2.465
"2426",4.3775
"2427",1.6375
"2428",2.0575
"2429",2.025
"2430",2.1175
"2431",1.6825
"2432",1.6625
"2433",1.865
"2434",2.3
"2435",2.685
"2436",1.4275
"2437",1.75
"2438",1.355
"2439",0.9
"2440",2.6075
"2441",2.5625
"2442",3.08
"2443",4.8075
"2444",2.91
"2445",3.7125
"2446",1.8575
"2447",2.225
"2448",2.0425
"2449",1.895
"2450",1.15
"2451",1.97
"2452",1.9575
"2453",2.635
"2454",1.345
"2455",2.055
"2456",3.5875
"2457",4.055
"2458",2.685
"2459",1.805
"2460",2.305
"2461",3.0625
"2462",2.485
"2463",3.1775
"2464",1.26
"2465",2.265
"2466",2.8
"2467",2.905
"2468",3.495
"2469",2.9
"2470",3.9825
"2471",2.9275
"2472",2.2275
"2473",2.2525
"2474",1.5925
"2475",2.25
"2476",2.385
"2477",3.89
"2478",1.7975
"2479",3.1225
"2480",3.3775
"2481",2.625
"2482",2.28
"2483",1.6675
"2484",2.255
"2485",2.225
"2486",2.5925
"2487",3.0925
"2488",2.3925
"2489",1.975
"2490",2.4125
"2491",1.7875
"2492",2.515
"2493",2.625
"2494",2.615
"2495",2.125
"2496",3.7025
"2497",2.28
"2498",2.3225
"2499",2.2125
"2500",3.2825
"2501",2.9875
"2502",3.24
"2503",3.7075
"2504",3.915
"2505",3.2325
"2506",2.2825
"2507",2.2475
"2508",3.035
"2509",2.2675
"2510",1.055
"2511",1.5275
"2512",1.495
"2513",1.195
"2514",1.81
"2515",1.355
"2516",2.945
"2517",4.3575
"2518",3.125
"2519",1.825
"2520",2.7575
"2521",2.12
"2522",2.6975
"2523",1.79
"2524",2.575
"2525",2.49
"2526",2.1275
"2527",2.1075
"2528",2.5825
"2529",3.6375
"2530",1.3075
"2531",1.845
"2532",3.265
"2533",2.0625
"2534",1.125
"2535",1.68
"2536",1.9175
"2537",5.2075
"2538",2.065
"2539",1.32
"2540",1.0975
"2541",3.94
"2542",1.9775
"2543",1.84
"2544",2.02
"2545",2.2675
"2546",2.7975
"2547",3.3575
"2548",2.1675
"2549",2.7
"2550",1.3675
"2551",3.3025
"2552",2.5275
"2553",3.5575
"2554",2.2775
"2555",2.6175
"2556",2.0225
"2557",0.895
"2558",3.1625
"2559",2.8875
"2560",3.2275
"2561",2.165
"2562",1.8875
"2563",2.345
"2564",3.0475
"2565",3.4625
"2566",2.3075
"2567",2.12
"2568",3.255
"2569",3.45
"2570",2.845
"2571",3.495
"2572",2.075
"2573",1.885
"2574",2.1775
"2575",1.53
"2576",3.16
"2577",3.655
"2578",2.445
"2579",2.3175
"2580",3.1925
"2581",2.07
"2582",2.895
"2583",2.3775
"2584",2.51
"2585",1.4425
"2586",0.995
"2587",1.155
"2588",1.47
"2589",1.6225
"2590",2.83
"2591",1.4825
"2592",1.4475
"2593",2.255
"2594",2.7025
"2595",2.595
"2596",2.765
"2597",2.1025
"2598",2.0575
"2599",3.125
"2600",1.4875
"2601",1.8575
"2602",0.7575
"2603",3.7425
"2604",1.7325
"2605",1.9975
"2606",1.995
"2607",1.62
"2608",1.4875
"2609",3.495
"2610",3.155
"2611",1.645
"2612",2.63
"2613",2.6025
"2614",3.2775
"2615",1.89
"2616",1.73
"2617",1.725
"2618",1.7925
"2619",2.0825
"2620",2.63
"2621",1.655
"2622",1.8825
"2623",3.275
"2624",1.4825
"2625",2.415
"2626",2.3475
"2627",2.9575
"2628",3.385
"2629",3.205
"2630",4.1725
"2631",2.145
"2632",1.755
"2633",2.4825
"2634",1.6025
"2635",2.205
"2636",3.8075
"2637",2.035
"2638",2.5375
"2639",4.365
"2640",1.4075
"2641",2.895
"2642",2.0925
"2643",1.685
"2644",2.4775
"2645",2.0525
"2646",2.8925
"2647",2.5875
"2648",2.0675
"2649",3.3975
"2650",1.8125
"2651",1.1275
"2652",2.8375
"2653",3.2025
"2654",1.4725
"2655",1.8675
"2656",1.625
"2657",2.5
"2658",0.65
"2659",1.83
"2660",2.9125
"2661",5.3825
"2662",1.8975
"2663",2.6625
"2664",1.645
"2665",2.3825
"2666",3.51
"2667",2.35
"2668",2.1225
"2669",1.925
"2670",1.61
"2671",0.83
"2672",2.2075
"2673",2.455
"2674",1.5225
"2675",1.77
"2676",1.4275
"2677",1.82
"2678",3.55
"2679",1.375
"2680",1.2825
"2681",1.33
"2682",1.7975
"2683",2.5
"2684",5.36
"2685",4.15
"2686",3.8975
"2687",2.26
"2688",3.6475
"2689",2.96
"2690",1.8925
"2691",2.7425
"2692",2.925
"2693",1.9
"2694",1.585
"2695",1.765
"2696",5.145
"2697",2.755
"2698",3.355
"2699",1.8125
"2700",2.265
"2701",2.17
"2702",2.23
"2703",1.82
"2704",2.435
"2705",1.4025
"2706",1.1675
"2707",1.64
"2708",2.38
"2709",2.7225
"2710",2.955
"2711",4.7825
"2712",3.32
"2713",2.8725
"2714",1.8425
"2715",2.6675
"2716",2.5925
"2717",1.9825
"2718",2.72
"2719",1.97
"2720",3.115
"2721",2.465
"2722",3.37
"2723",1.965
"2724",2.37
"2725",2.0125
"2726",3.515
"2727",3.7675
"2728",2.8025
"2729",1.7425
"2730",2.1675
"2731",2.5525
"2732",2.22
"2733",3.565
"2734",1.995
"2735",1.9925
"2736",1.395
"2737",2.08
"2738",1.5975
"2739",1.505
"2740",2.0025
"2741",2.6075
"2742",1.8025
"2743",1.57
"2744",2.475
"2745",2.775
"2746",1.8725
"2747",2.6875
"2748",1.1975
"2749",2.71
"2750",3.25
"2751",1.9425
"2752",2.5825
"2753",2.08
"2754",2.2275
"2755",2.0825
"2756",1.3475
"2757",1.735
"2758",2.125
"2759",2.2825
"2760",2.4875
"2761",1.56
"2762",2.2975
"2763",2.2
"2764",1.74
"2765",3.0925
"2766",2.4375
"2767",1.4625
"2768",1.6175
"2769",3.71
"2770",2.04
"2771",1.04
"2772",2.1075
"2773",1.465
"2774",3.41
"2775",2.6575
"2776",2.005
"2777",2.26
"2778",1.8875
"2779",2.5175
"2780",1.0625
"2781",1.0025
"2782",1.5025
"2783",1.78
"2784",1.5275
"2785",1.7125
"2786",1.08
"2787",2.4375
"2788",2.335
"2789",1.41
"2790",1.9175
"2791",2.445
"2792",2.0075
"2793",1.7275
"2794",2.1775
"2795",1.91
"2796",2.4725
"2797",2.4475
"2798",2.455
"2799",3.7625
"2800",3.63
"2801",3.705
"2802",2.0675
"2803",2.1975
"2804",1.405
"2805",1.765
"2806",0.95
"2807",1.9625
"2808",2.07
"2809",1.8075
"2810",3.0575
"2811",2.6575
"2812",2.1675
"2813",1.3775
"2814",1.8925
"2815",2.5225
"2816",1.8725
"2817",1.2475
"2818",0.9425
"2819",2.2725
"2820",2.485
"2821",3.1825
"2822",3.015
"2823",2.4125
"2824",2.105
"2825",2.4725
"2826",3.01
"2827",3.9975
"2828",2.375
"2829",2.4725
"2830",2.35
"2831",2.5125
"2832",1.715
"2833",1.3475
"2834",1.91
"2835",1.8875
"2836",2.8
"2837",2.5475
"2838",1.8575
"2839",1.3925
"2840",3.885
"2841",2.7125
"2842",2.3
"2843",4.59
"2844",5.67
"2845",4.8825
"2846",3.025
"2847",1.885
"2848",1.5925
"2849",1.39
"2850",1.475
"2851",2.785
"2852",1.955
"2853",1.605
"2854",1.9425
"2855",2.3125
"2856",2.47
"2857",1.2875
"2858",1.275
"2859",1.575
"2860",1.975
"2861",1.885
"2862",1.3475
"2863",1.34
"2864",1.1375
"2865",3.8775
"2866",1.615
"2867",1.225
"2868",4.2275
"2869",3.7725
"2870",3.3625
"2871",3.01
"2872",2.5225
"2873",2.2725
"2874",1.7975
"2875",2.73
"2876",1.2575
"2877",2.4625
"2878",2.1125
"2879",2.455
"2880",0.695
"2881",1.4475
"2882",1.365
"2883",1.52
"2884",1.18
"2885",1.825
"2886",2.06
"2887",1.4575
"2888",3.38
"2889",4.745
"2890",2.62
"2891",2.5475
"2892",1.795
"2893",1.3425
"2894",3.2475
"2895",1.4225
"2896",2.135
"2897",3.0125
"2898",1.605
"2899",0.37
"2900",1.225
"2901",1.305
"2902",1.0625
"2903",2.0825
"2904",2.925
"2905",2.0925
"2906",2.2425
"2907",1.7775
"2908",1.945
"2909",1.765
"2910",1.4775
"2911",2.765
"2912",2.2825
"2913",1.9525
"2914",2.055
"2915",1.2725
"2916",2.7425
"2917",2.84
"2918",2.4225
"2919",1.935
"2920",1.47
"2921",3.1975
"2922",3.125
"2923",3.035
"2924",2.285
"2925",3.87
"2926",1.3375
"2927",1.195
"2928",2.695
"2929",2.3325
"2930",1.77
"2931",1.17
"2932",0.9075
"2933",2.015
"2934",1.865
"2935",2.8675
"2936",1.875
"2937",2.61
"2938",2.1775
"2939",3.115
"2940",3.405
"2941",2.9575
"2942",3.3925
"2943",3.3375
"2944",2.235
"2945",1.705
"2946",1.09
"2947",1.415
"2948",4.8725
"2949",5.4275
"2950",4.185
"2951",2.7825
"2952",3.02
"2953",2.9875
"2954",1.8
"2955",1.71
"2956",0.725
"2957",0.3175
"2958",1.2425
"2959",0.85
"2960",1.0275
"2961",2.3375
"2962",2.8975
"2963",1.3
"2964",1.6325
"2965",2.9475
"2966",2.7125
"2967",2.6625
"2968",1.93
"2969",1.94
"2970",1.9375
"2971",2.34
"2972",2.5125
"2973",1.9725
"2974",1.79
"2975",2.27
"2976",2.185
"2977",2.3375
"2978",1.9575
"2979",2.125
"2980",2.2625
"2981",1.605
"2982",1.9975
"2983",1.4175
"2984",3.395
"2985",1.8275
"2986",0.81
"2987",0.91
"2988",1.1225
"2989",2.315
"2990",1.7375
"2991",1.4175
"2992",2.4275
"2993",2.13
"2994",1.81
"2995",1.9475
"2996",1.4525
"2997",1.0975
"2998",1.955
"2999",3.1725
"3000",1.71
"3001",2.18
